INSERT INTO торговые_марки (название) VALUES
('Бренд_1'),
('Бренд_2'),
('Бренд_3'),
('Бренд_4'),
('Бренд_5'),
('Бренд_6'),
('Бренд_7'),
('Бренд_8'),
('Бренд_9'),
('Бренд_10');

INSERT INTO категории_товаров (название, описание) VALUES
('Категория_1', 'Описание категории 1'),
('Категория_2', 'Описание категории 2'),
('Категория_3', 'Описание категории 3'),
('Категория_4', 'Описание категории 4'),
('Категория_5', 'Описание категории 5'),
('Категория_6', 'Описание категории 6'),
('Категория_7', 'Описание категории 7'),
('Категория_8', 'Описание категории 8'),
('Категория_9', 'Описание категории 9'),
('Категория_10', 'Описание категории 10');

INSERT INTO товары (id_категории, id_марки, название, описание, цена, количество_на_складе) VALUES
(7, 7, 'Товар_1', 'Описание товара 1', 29.84, 65),
(8, 7, 'Товар_2', 'Описание товара 2', 459.93, 38),
(8, 6, 'Товар_3', 'Описание товара 3', 295.86, 27),
(9, 3, 'Товар_4', 'Описание товара 4', 148.1, 96),
(2, 10, 'Товар_5', 'Описание товара 5', 401.71, 68),
(10, 3, 'Товар_6', 'Описание товара 6', 161.97, 93),
(2, 6, 'Товар_7', 'Описание товара 7', 241.35, 12),
(6, 7, 'Товар_8', 'Описание товара 8', 164.94, 81),
(4, 9, 'Товар_9', 'Описание товара 9', 243.73, 66),
(5, 1, 'Товар_10', 'Описание товара 10', 404.46, 70);

INSERT INTO магазины (название, город, адрес, телефон, email) VALUES
('Магазин_1', 'Минск', 'пр. Независимости, д.93', '+375297691148', 'store1@shop.by'),
('Магазин_2', 'Могилев', 'ул. Ленина, д.79', '+375299280862', 'store2@shop.by'),
('Магазин_3', 'Брест', 'ул. Интернациональная, д.94', '+375296456023', 'store3@shop.by'),
('Магазин_4', 'Могилев', 'пр. Независимости, д.25', '+375294719574', 'store4@shop.by'),
('Магазин_5', 'Витебск', 'ул. Советская, д.70', '+375298515682', 'store5@shop.by'),
('Магазин_6', 'Минск', 'пр. Независимости, д.41', '+375299521829', 'store6@shop.by'),
('Магазин_7', 'Гродно', 'пр. Независимости, д.39', '+375295883691', 'store7@shop.by'),
('Магазин_8', 'Могилев', 'пр. Независимости, д.71', '+375296582627', 'store8@shop.by'),
('Магазин_9', 'Гомель', 'ул. Интернациональная, д.78', '+375295826088', 'store9@shop.by'),
('Магазин_10', 'Гродно', 'пр. Независимости, д.77', '+375297457569', 'store10@shop.by');

INSERT INTO пункты_выдачи (id_магазина, город, адрес, телефон, часы_работы) VALUES
(1, 'Минск', 'ул. Богдановича, д.74', '+375295061884', '10:00-20:00'),
(2, 'Могилев', 'ул. Пушкина, д.24', '+375294177459', '10:00-20:00'),
(3, 'Брест', 'ул. Советская, д.5', '+375295363019', '10:00-20:00'),
(4, 'Могилев', 'ул. Якуба Коласа, д.9', '+375292507002', '10:00-20:00'),
(5, 'Витебск', 'ул. Советская, д.20', '+375291648297', '10:00-20:00'),
(6, 'Минск', 'пр. Независимости, д.90', '+375297564858', '10:00-20:00'),
(7, 'Гродно', 'ул. Пушкина, д.67', '+375294951063', '10:00-20:00'),
(8, 'Могилев', 'ул. Интернациональная, д.87', '+375298036754', '10:00-20:00'),
(9, 'Гомель', 'ул. Пушкина, д.58', '+375299265385', '10:00-20:00'),
(10, 'Гродно', 'ул. Богдановича, д.11', '+375296441267', '10:00-20:00');

INSERT INTO пользователи (имя, email, телефон, адрес, пароль) VALUES
('Никандр Потапова', 'user0@email.by', '+375292935247', 'Гродно, ул. Богдановича, д.25', 'password123'),
('Пантелеймон Федоров', 'user1@email.by', '+375295077461', 'Минск, ул. Пушкина, д.15', 'password123'),
('Исидор Пестова', 'user2@email.by', '+375294698714', 'Брест, ул. Советская, д.43', 'password123'),
('Сократ Лыткин', 'user3@email.by', '+375298149294', 'Минск, пр. Независимости, д.19', 'password123'),
('Онуфрий Самойлова', 'user4@email.by', '+375294670411', 'Минск, пр. Независимости, д.4', 'password123'),
('Лазарь Кондратьева', 'user5@email.by', '+375293087819', 'Могилев, ул. Интернациональная, д.78', 'password123'),
('Самсон Терентьев', 'user6@email.by', '+375293008156', 'Гродно, пр. Независимости, д.48', 'password123'),
('Фортунат Константинова', 'user7@email.by', '+375292946931', 'Минск, ул. Ленина, д.25', 'password123'),
('Ерофей Морозова', 'user8@email.by', '+375294103314', 'Могилев, пр. Независимости, д.62', 'password123'),
('Вышеслав Воронцов', 'user9@email.by', '+375294532887', 'Могилев, ул. Ленина, д.87', 'password123');


INSERT INTO `заказы` (id_пользователя, id_магазина, id_пункта, дата_заказа, статус, способ_оплаты, примечания) VALUES
  (7, 7, 1, '2025-04-06 11:45:02', 'отправлен', 'Карта', 'примечания'),
  (7, 5, 8, '2025-04-05 04:03:54', 'отправлен', 'Наличные', 'примечания'),
  (9, 3, 5, '2025-04-17 00:10:27', 'в_обработке', 'Онлайн', 'примечания'),
  (5, 9, 10, '2025-04-10 16:59:37', 'в_обработке','Онлайн', 'примечания'),
  (2, 6, 8, '2025-03-31 10:24:10', 'отменен', 'Карта', 'примечания'),
  (6, 10, 4, '2025-04-07 03:34:14', 'отменен', 'Онлайн', 'примечания'),
  (5, 1, 9, '2025-03-30 08:54:54', 'новый', 'Карта', 'примечания'),
  (1, 10, 8, '2025-04-12 10:42:04', 'отправлен', 'Карта', 'примечания'),
  (2, 4, 10, '2025-04-17 01:40:10', 'в_обработке', 'Наличные', 'примечания'),
  (9, 8, 2, '2025-03-27 20:27:47', 'новый', 'Онлайн', 'примечания');


INSERT INTO `позиции_заказа` (id_заказа, id_товара, количество) VALUES
  (8, 2, 3),
  (2, 9, 3),
  (9, 4, 5),
  (5, 8, 1),
  (7, 6, 5),
  (3, 4, 2),
  (5, 8, 1),
  (3, 3, 1),
  (9, 7, 5),
  (4, 4, 5);


INSERT INTO `поставки` (id_магазина, дата_отправки, дата_получения, статус, примечания) VALUES
  (7, '2025-02-25 12:12:48', '2025-03-02 12:12:48', 'доставлено', 'примечания'),
  (8, '2025-04-10 06:35:47', '2025-04-14 06:35:47', 'доставлено', 'примечания'),
  (2, '2025-03-29 12:14:04', '2025-04-01 12:14:04', 'ожидается', 'примечания'),
  (8, '2025-03-20 06:38:20', '2025-03-25 06:38:20', 'доставлено', 'примечания'),
  (4, '2025-03-10 04:37:04', '2025-03-12 04:37:04', 'ожидается', 'примечания'),
  (5, '2025-03-10 00:41:12', '2025-03-11 00:41:12', 'в_пути', 'примечания'),
  (6, '2025-02-23 23:19:57', '2025-03-02 23:19:57', 'в_пути', 'примечания'),
  (6, '2025-02-28 09:49:05', '2025-03-04 09:49:05', 'ожидается', 'примечания'),
  (2, '2025-03-06 17:55:24', '2025-03-13 17:55:24', 'в_пути', 'примечания'),
  (4, '2025-02-18 23:59:41', '2025-02-19 23:59:41', 'ожидается', 'примечания');


INSERT INTO `товары_в_поставке` (id_поставки, id_товара, количество, полученное_количество) VALUES
  (1, 2, 91, 91),
  (7, 2, 57, 57),
  (10, 1, 34, 34),
  (8, 4, 17, 17),
  (9, 7, 89, 89),
  (2, 4, 19, 14),
  (6, 7, 33, 33),
  (1, 10, 22, 17),
  (4, 5, 55, 50),
  (10, 3, 99, 99);
